{"val_loss": [1.0072621799121468, 0.9212264736830178, 0.8472714504953158, 1.1225313210891465, 1.1225311867261336, 1.1225310442811351, 1.1225306927147558], "val_dice_coef": [0.03674290863149878, 0.12659803743797782, 0.20220144516078092, 7.052291469805777e-06, 7.050513294940421e-06, 7.053975300974436e-06, 7.062851880626544e-06], "loss": [1.05745106881964, 0.9837698457305303, 0.860470023385422, 1.1121730322609404, 1.128926502373404, 1.1289263187411303, 1.1289260228593907], "dice_coef": [0.026290639929118547, 0.06790756175101313, 0.19481328285432475, 0.013182422796812355, 6.908333290652309e-06, 6.909414579270501e-06, 6.9162109538952615e-06]}